participant_id,question,control,s_all,d_all,w_all,s_adj,d_adj,w_adj,age,gender,see_robots,interact_robots,robot_attitude,tech_comfort
79,invasive-respectful,5,4,5,2,-1,0,-3,46+,Woman,3,2,3,3
79,unfriendly-friendly,3,4,4,2,1,1,-1,46+,Woman,3,2,3,3
79,dangerous-safe,5,4,5,3,-1,0,-2,46+,Woman,3,2,3,3
79,ignored-seen,3,5,5,4,2,2,1,46+,Woman,3,2,3,3
130,invasive-respectful,4,3,3,2,-1,-1,-2,26-35,Woman,5,4,3,4
130,unfriendly-friendly,1,2,3,2,1,2,1,26-35,Woman,5,4,3,4
130,dangerous-safe,3,3,3,3,0,0,0,26-35,Woman,5,4,3,4
130,ignored-seen,2,2,2,3,0,0,1,26-35,Woman,5,4,3,4
153,invasive-respectful,3,3,5,5,0,2,2,18-25,Woman,4,2,5,5
153,unfriendly-friendly,3,3,3,4,0,0,1,18-25,Woman,4,2,5,5
153,dangerous-safe,3,2,4,5,-1,1,2,18-25,Woman,4,2,5,5
153,ignored-seen,4,3,5,5,-1,1,1,18-25,Woman,4,2,5,5
128,invasive-respectful,3,2,3,3,-1,0,0,26-35,Woman,3,2,3,2
128,unfriendly-friendly,5,3,2,3,-2,-3,-2,26-35,Woman,3,2,3,2
128,dangerous-safe,5,3,3,2,-2,-2,-3,26-35,Woman,3,2,3,2
128,ignored-seen,1,1,1,1,0,0,0,26-35,Woman,3,2,3,2
33,invasive-respectful,3,5,5,5,2,2,2,46+,Woman,3,2,3,4
33,unfriendly-friendly,4,4,4,5,0,0,1,46+,Woman,3,2,3,4
33,dangerous-safe,5,5,5,5,0,0,0,46+,Woman,3,2,3,4
33,ignored-seen,4,5,5,5,1,1,1,46+,Woman,3,2,3,4
192,invasive-respectful,3,2,5,4,-1,2,1,36-45,Woman,5,3,3,4
192,unfriendly-friendly,3,2,4,4,-1,1,1,36-45,Woman,5,3,3,4
192,dangerous-safe,5,3,5,4,-2,0,-1,36-45,Woman,5,3,3,4
192,ignored-seen,3,4,5,4,1,2,1,36-45,Woman,5,3,3,4
42,invasive-respectful,3,4,5,3,1,2,0,26-35,Man,4,2,5,5
42,unfriendly-friendly,3,4,5,3,1,2,0,26-35,Man,4,2,5,5
42,dangerous-safe,3,4,4,2,1,1,-1,26-35,Man,4,2,5,5
42,ignored-seen,3,4,4,2,1,1,-1,26-35,Man,4,2,5,5
183,invasive-respectful,4,3,5,2,-1,1,-2,26-35,Man,3,2,2,4
183,unfriendly-friendly,3,3,3,3,0,0,0,26-35,Man,3,2,2,4
183,dangerous-safe,5,4,5,3,-1,0,-2,26-35,Man,3,2,2,4
183,ignored-seen,4,3,4,5,-1,0,1,26-35,Man,3,2,2,4
160,invasive-respectful,3,4,4,3,1,1,0,18-25,Man,3,2,2,3
160,unfriendly-friendly,4,4,4,4,0,0,0,18-25,Man,3,2,2,3
160,dangerous-safe,5,5,5,5,0,0,0,18-25,Man,3,2,2,3
160,ignored-seen,2,4,5,5,2,3,3,18-25,Man,3,2,2,3
157,invasive-respectful,2,4,4,5,2,2,3,46+,Woman,3,2,2,3
157,unfriendly-friendly,3,4,3,4,1,0,1,46+,Woman,3,2,2,3
157,dangerous-safe,3,4,4,4,1,1,1,46+,Woman,3,2,2,3
157,ignored-seen,4,5,5,5,1,1,1,46+,Woman,3,2,2,3
62,invasive-respectful,5,5,5,4,0,0,-1,18-25,Woman,2,1,4,4
62,unfriendly-friendly,5,5,4,3,0,-1,-2,18-25,Woman,2,1,4,4
62,dangerous-safe,5,4,5,4,-1,0,-1,18-25,Woman,2,1,4,4
62,ignored-seen,2,4,5,4,2,3,2,18-25,Woman,2,1,4,4
71,invasive-respectful,4,3,5,4,-1,1,0,18-25,Man,5,3,5,5
71,unfriendly-friendly,3,3,3,3,0,0,0,18-25,Man,5,3,5,5
71,dangerous-safe,4,3,5,5,-1,1,1,18-25,Man,5,3,5,5
71,ignored-seen,1,4,5,5,3,4,4,18-25,Man,5,3,5,5
135,invasive-respectful,3,3,4,2,0,1,-1,18-25,Woman,3,2,4,4
135,unfriendly-friendly,3,3,3,3,0,0,0,18-25,Woman,3,2,4,4
135,dangerous-safe,4,4,5,4,0,1,0,18-25,Woman,3,2,4,4
135,ignored-seen,3,2,4,5,-1,1,2,18-25,Woman,3,2,4,4
66,invasive-respectful,3,3,5,4,0,2,1,36-45,Man,4,2,4,5
66,unfriendly-friendly,3,3,4,4,0,1,1,36-45,Man,4,2,4,5
66,dangerous-safe,5,5,5,5,0,0,0,36-45,Man,4,2,4,5
66,ignored-seen,1,4,5,5,3,4,4,36-45,Man,4,2,4,5
45,invasive-respectful,3,4,5,4,1,2,1,18-25,Woman,4,3,3,4
45,unfriendly-friendly,2,3,5,3,1,3,1,18-25,Woman,4,3,3,4
45,dangerous-safe,3,4,4,3,1,1,0,18-25,Woman,4,3,3,4
45,ignored-seen,1,4,5,4,3,4,3,18-25,Woman,4,3,3,4
94,invasive-respectful,3,4,5,2,1,2,-1,36-45,Man,4,2,4,4
94,unfriendly-friendly,3,3,4,1,0,1,-2,36-45,Man,4,2,4,4
94,dangerous-safe,4,4,5,1,0,1,-3,36-45,Man,4,2,4,4
94,ignored-seen,1,4,5,5,3,4,4,36-45,Man,4,2,4,4
23,invasive-respectful,5,5,5,5,0,0,0,46+,Woman,6,4,3,4
23,unfriendly-friendly,3,3,4,5,0,1,2,46+,Woman,6,4,3,4
23,dangerous-safe,5,5,5,5,0,0,0,46+,Woman,6,4,3,4
23,ignored-seen,3,4,5,5,1,2,2,46+,Woman,6,4,3,4
14,invasive-respectful,4,4,3,4,0,-1,0,46+,Woman,3,1,4,4
14,unfriendly-friendly,3,4,2,5,1,-1,2,46+,Woman,3,1,4,4
14,dangerous-safe,5,5,2,5,0,-3,0,46+,Woman,3,1,4,4
14,ignored-seen,2,3,4,4,1,2,2,46+,Woman,3,1,4,4
88,invasive-respectful,2,3,4,5,1,2,3,26-35,Non-binary,5,3,2,4
88,unfriendly-friendly,3,3,4,4,0,1,1,26-35,Non-binary,5,3,2,4
88,dangerous-safe,4,4,4,5,0,0,1,26-35,Non-binary,5,3,2,4
88,ignored-seen,4,4,4,5,0,0,1,26-35,Non-binary,5,3,2,4
73,invasive-respectful,4,5,5,5,1,1,1,18-25,Prefer not to say,4,3,4,4
73,unfriendly-friendly,4,5,5,5,1,1,1,18-25,Prefer not to say,4,3,4,4
73,dangerous-safe,4,5,5,5,1,1,1,18-25,Prefer not to say,4,3,4,4
73,ignored-seen,4,5,5,5,1,1,1,18-25,Prefer not to say,4,3,4,4
68,invasive-respectful,3,2,5,5,-1,2,2,18-25,Woman,4,2,4,4
68,unfriendly-friendly,2,3,4,5,1,2,3,18-25,Woman,4,2,4,4
68,dangerous-safe,5,5,5,5,0,0,0,18-25,Woman,4,2,4,4
68,ignored-seen,2,3,5,5,1,3,3,18-25,Woman,4,2,4,4
31,invasive-respectful,3,2,5,3,-1,2,0,18-25,Man,4,3,5,5
31,unfriendly-friendly,4,3,4,3,-1,0,-1,18-25,Man,4,3,5,5
31,dangerous-safe,5,3,4,3,-2,-1,-2,18-25,Man,4,3,5,5
31,ignored-seen,2,2,5,4,0,3,2,18-25,Man,4,3,5,5
98,invasive-respectful,5,4,4,3,-1,-1,-2,36-45,Man,4,2,4,4
98,unfriendly-friendly,3,5,4,4,2,1,1,36-45,Man,4,2,4,4
98,dangerous-safe,4,4,4,3,0,0,-1,36-45,Man,4,2,4,4
98,ignored-seen,2,2,4,4,0,2,2,36-45,Man,4,2,4,4
155,invasive-respectful,3,4,5,3,1,2,0,18-25,Man,3,2,3,4
155,unfriendly-friendly,3,3,4,4,0,1,1,18-25,Man,3,2,3,4
155,dangerous-safe,4,4,5,4,0,1,0,18-25,Man,3,2,3,4
155,ignored-seen,3,4,5,4,1,2,1,18-25,Man,3,2,3,4
111,invasive-respectful,3,3,4,5,0,1,2,46+,Woman,4,3,4,5
111,unfriendly-friendly,3,3,4,4,0,1,1,46+,Woman,4,3,4,5
111,dangerous-safe,3,3,4,4,0,1,1,46+,Woman,4,3,4,5
111,ignored-seen,3,3,4,5,0,1,2,46+,Woman,4,3,4,5
102,invasive-respectful,2,2,3,2,0,1,0,18-25,Woman,2,1,2,2
102,unfriendly-friendly,3,3,2,1,0,-1,-2,18-25,Woman,2,1,2,2
102,dangerous-safe,3,4,3,3,1,0,0,18-25,Woman,2,1,2,2
102,ignored-seen,2,4,1,5,2,-1,3,18-25,Woman,2,1,2,2
163,invasive-respectful,2,4,3,1,2,1,-1,18-25,Woman,3,2,3,5
163,unfriendly-friendly,3,3,3,2,0,0,-1,18-25,Woman,3,2,3,5
163,dangerous-safe,4,4,3,2,0,-1,-2,18-25,Woman,3,2,3,5
163,ignored-seen,3,4,4,5,1,1,2,18-25,Woman,3,2,3,5
52,invasive-respectful,4,4,5,2,0,1,-2,18-25,Man,2,1,2,4
52,unfriendly-friendly,3,3,4,3,0,1,0,18-25,Man,2,1,2,4
52,dangerous-safe,4,4,4,2,0,0,-2,18-25,Man,2,1,2,4
52,ignored-seen,4,4,4,4,0,0,0,18-25,Man,2,1,2,4
92,invasive-respectful,2,3,5,5,1,3,3,18-25,Man,3,1,5,4
92,unfriendly-friendly,2,3,5,5,1,3,3,18-25,Man,3,1,5,4
92,dangerous-safe,2,3,5,4,1,3,2,18-25,Man,3,1,5,4
92,ignored-seen,5,5,5,5,0,0,0,18-25,Man,3,1,5,4
6,invasive-respectful,2,4,5,1,2,3,-1,36-45,Man,3,2,2,2
6,unfriendly-friendly,5,4,4,2,-1,-1,-3,36-45,Man,3,2,2,2
6,dangerous-safe,3,4,4,3,1,1,0,36-45,Man,3,2,2,2
6,ignored-seen,2,4,5,5,2,3,3,36-45,Man,3,2,2,2
51,invasive-respectful,3,3,4,1,0,1,-2,18-25,Man,3,1,2,3
51,unfriendly-friendly,3,3,4,3,0,1,0,18-25,Man,3,1,2,3
51,dangerous-safe,3,3,4,2,0,1,-1,18-25,Man,3,1,2,3
51,ignored-seen,1,2,3,4,1,2,3,18-25,Man,3,1,2,3
34,invasive-respectful,5,5,5,5,0,0,0,18-25,Man,2,1,4,4
34,unfriendly-friendly,5,5,5,5,0,0,0,18-25,Man,2,1,4,4
34,dangerous-safe,5,5,5,5,0,0,0,18-25,Man,2,1,4,4
34,ignored-seen,4,5,5,5,1,1,1,18-25,Man,2,1,4,4
127,invasive-respectful,3,5,5,3,2,2,0,18-25,Woman,3,2,3,4
127,unfriendly-friendly,4,3,5,3,-1,1,-1,18-25,Woman,3,2,3,4
127,dangerous-safe,4,5,5,3,1,1,-1,18-25,Woman,3,2,3,4
127,ignored-seen,3,1,5,5,-2,2,2,18-25,Woman,3,2,3,4
74,invasive-respectful,3,4,5,4,1,2,1,26-35,Woman,4,2,4,3
74,unfriendly-friendly,3,3,4,4,0,1,1,26-35,Woman,4,2,4,3
74,dangerous-safe,3,3,5,3,0,2,0,26-35,Woman,4,2,4,3
74,ignored-seen,2,4,5,4,2,3,2,26-35,Woman,4,2,4,3
9,invasive-respectful,3,5,4,5,2,1,2,46+,Woman,3,1,4,5
9,unfriendly-friendly,4,3,3,5,-1,-1,1,46+,Woman,3,1,4,5
9,dangerous-safe,5,5,3,5,0,-2,0,46+,Woman,3,1,4,5
9,ignored-seen,3,4,4,5,1,1,2,46+,Woman,3,1,4,5
99,invasive-respectful,4,4,3,4,0,-1,0,26-35,Man,3,2,3,1
99,unfriendly-friendly,3,3,2,3,0,-1,0,26-35,Man,3,2,3,1
99,dangerous-safe,3,3,3,3,0,0,0,26-35,Man,3,2,3,1
99,ignored-seen,3,2,2,4,-1,-1,1,26-35,Man,3,2,3,1
54,invasive-respectful,5,3,5,5,-2,0,0,26-35,Woman,3,2,4,5
54,unfriendly-friendly,5,5,4,5,0,-1,0,26-35,Woman,3,2,4,5
54,dangerous-safe,5,5,5,5,0,0,0,26-35,Woman,3,2,4,5
54,ignored-seen,3,3,4,5,0,1,2,26-35,Woman,3,2,4,5
79,invasive-respectful,5,4,5,2,#REF!,#REF!,#REF!,46+,Woman,3,2,3,3
79,unfriendly-friendly,3,4,5,2,#REF!,#REF!,#REF!,46+,Woman,3,2,3,3
79,dangerous-safe,5,4,5,3,#REF!,#REF!,#REF!,46+,Woman,3,2,3,3
79,ignored-seen,3,4,5,5,#REF!,#REF!,#REF!,46+,Woman,3,2,3,3
130,invasive-respectful,4,3,4,2,#REF!,#REF!,#REF!,26-35,Woman,5,4,3,4
130,unfriendly-friendly,1,4,3,3,#REF!,#REF!,#REF!,26-35,Woman,5,4,3,4
130,dangerous-safe,3,3,3,2,#REF!,#REF!,#REF!,26-35,Woman,5,4,3,4
130,ignored-seen,2,4,3,4,#REF!,#REF!,#REF!,26-35,Woman,5,4,3,4
153,invasive-respectful,3,3,4,3,#REF!,#REF!,#REF!,18-25,Woman,4,2,5,5
153,unfriendly-friendly,3,4,3,4,#REF!,#REF!,#REF!,18-25,Woman,4,2,5,5
153,dangerous-safe,3,4,4,4,#REF!,#REF!,#REF!,18-25,Woman,4,2,5,5
153,ignored-seen,4,4,5,5,#REF!,#REF!,#REF!,18-25,Woman,4,2,5,5
128,invasive-respectful,3,3,3,4,#REF!,#REF!,#REF!,26-35,Woman,3,2,3,2
128,unfriendly-friendly,5,3,2,4,#REF!,#REF!,#REF!,26-35,Woman,3,2,3,2
128,dangerous-safe,5,3,3,5,#REF!,#REF!,#REF!,26-35,Woman,3,2,3,2
128,ignored-seen,1,3,1,5,#REF!,#REF!,#REF!,26-35,Woman,3,2,3,2
33,invasive-respectful,3,4,4,5,#REF!,#REF!,#REF!,46+,Woman,3,2,3,4
33,unfriendly-friendly,4,3,2,4,#REF!,#REF!,#REF!,46+,Woman,3,2,3,4
33,dangerous-safe,5,5,5,5,#REF!,#REF!,#REF!,46+,Woman,3,2,3,4
33,ignored-seen,4,4,4,5,#REF!,#REF!,#REF!,46+,Woman,3,2,3,4
192,invasive-respectful,3,4,5,2,#REF!,#REF!,#REF!,36-45,Woman,5,3,3,4
192,unfriendly-friendly,3,4,4,2,#REF!,#REF!,#REF!,36-45,Woman,5,3,3,4
192,dangerous-safe,5,4,5,3,#REF!,#REF!,#REF!,36-45,Woman,5,3,3,4
192,ignored-seen,3,5,5,5,#REF!,#REF!,#REF!,36-45,Woman,5,3,3,4
42,invasive-respectful,3,4,5,5,#REF!,#REF!,#REF!,26-35,Man,4,2,5,5
42,unfriendly-friendly,3,4,5,4,#REF!,#REF!,#REF!,26-35,Man,4,2,5,5
42,dangerous-safe,3,4,5,3,#REF!,#REF!,#REF!,26-35,Man,4,2,5,5
42,ignored-seen,3,4,4,4,#REF!,#REF!,#REF!,26-35,Man,4,2,5,5
183,invasive-respectful,4,3,4,3,#REF!,#REF!,#REF!,26-35,Man,3,2,2,4
183,unfriendly-friendly,3,3,4,3,#REF!,#REF!,#REF!,26-35,Man,3,2,2,4
183,dangerous-safe,5,4,5,3,#REF!,#REF!,#REF!,26-35,Man,3,2,2,4
183,ignored-seen,4,5,5,5,#REF!,#REF!,#REF!,26-35,Man,3,2,2,4
160,invasive-respectful,3,5,5,5,#REF!,#REF!,#REF!,18-25,Man,3,2,2,3
160,unfriendly-friendly,4,4,5,5,#REF!,#REF!,#REF!,18-25,Man,3,2,2,3
160,dangerous-safe,5,5,5,5,#REF!,#REF!,#REF!,18-25,Man,3,2,2,3
160,ignored-seen,2,5,5,5,#REF!,#REF!,#REF!,18-25,Man,3,2,2,3
157,invasive-respectful,2,3,4,4,#REF!,#REF!,#REF!,46+,Woman,3,2,2,3
157,unfriendly-friendly,3,3,3,3,#REF!,#REF!,#REF!,46+,Woman,3,2,2,3
157,dangerous-safe,3,5,4,4,#REF!,#REF!,#REF!,46+,Woman,3,2,2,3
157,ignored-seen,4,4,5,5,#REF!,#REF!,#REF!,46+,Woman,3,2,2,3
62,invasive-respectful,5,4,5,5,#REF!,#REF!,#REF!,18-25,Woman,2,1,4,4
62,unfriendly-friendly,5,4,5,5,#REF!,#REF!,#REF!,18-25,Woman,2,1,4,4
62,dangerous-safe,5,3,5,5,#REF!,#REF!,#REF!,18-25,Woman,2,1,4,4
62,ignored-seen,2,4,5,5,#REF!,#REF!,#REF!,18-25,Woman,2,1,4,4
71,invasive-respectful,4,4,5,4,#REF!,#REF!,#REF!,18-25,Man,5,3,5,5
71,unfriendly-friendly,3,3,3,3,#REF!,#REF!,#REF!,18-25,Man,5,3,5,5
71,dangerous-safe,4,4,5,3,#REF!,#REF!,#REF!,18-25,Man,5,3,5,5
71,ignored-seen,1,4,5,4,#REF!,#REF!,#REF!,18-25,Man,5,3,5,5
135,invasive-respectful,3,4,5,2,#REF!,#REF!,#REF!,18-25,Woman,3,2,4,4
135,unfriendly-friendly,3,4,4,4,#REF!,#REF!,#REF!,18-25,Woman,3,2,4,4
135,dangerous-safe,4,5,5,5,#REF!,#REF!,#REF!,18-25,Woman,3,2,4,4
135,ignored-seen,3,5,5,5,#REF!,#REF!,#REF!,18-25,Woman,3,2,4,4
66,invasive-respectful,3,5,5,5,#REF!,#REF!,#REF!,36-45,Man,4,2,4,5
66,unfriendly-friendly,3,5,5,5,#REF!,#REF!,#REF!,36-45,Man,4,2,4,5
66,dangerous-safe,5,5,5,5,#REF!,#REF!,#REF!,36-45,Man,4,2,4,5
66,ignored-seen,1,5,5,5,#REF!,#REF!,#REF!,36-45,Man,4,2,4,5
45,invasive-respectful,3,4,5,4,#REF!,#REF!,#REF!,18-25,Woman,4,3,3,4
45,unfriendly-friendly,2,4,5,4,#REF!,#REF!,#REF!,18-25,Woman,4,3,3,4
45,dangerous-safe,3,4,4,3,#REF!,#REF!,#REF!,18-25,Woman,4,3,3,4
45,ignored-seen,1,5,5,5,#REF!,#REF!,#REF!,18-25,Woman,4,3,3,4
94,invasive-respectful,3,5,5,4,#REF!,#REF!,#REF!,36-45,Man,4,2,4,4
94,unfriendly-friendly,3,4,4,4,#REF!,#REF!,#REF!,36-45,Man,4,2,4,4
94,dangerous-safe,4,4,5,4,#REF!,#REF!,#REF!,36-45,Man,4,2,4,4
94,ignored-seen,1,5,5,5,#REF!,#REF!,#REF!,36-45,Man,4,2,4,4
23,invasive-respectful,5,5,5,5,#REF!,#REF!,#REF!,46+,Woman,6,4,3,4
23,unfriendly-friendly,3,4,2,3,#REF!,#REF!,#REF!,46+,Woman,6,4,3,4
23,dangerous-safe,5,5,5,5,#REF!,#REF!,#REF!,46+,Woman,6,4,3,4
23,ignored-seen,3,4,4,4,#REF!,#REF!,#REF!,46+,Woman,6,4,3,4
14,invasive-respectful,4,5,4,5,#REF!,#REF!,#REF!,46+,Woman,3,1,4,4
14,unfriendly-friendly,3,5,4,5,#REF!,#REF!,#REF!,46+,Woman,3,1,4,4
14,dangerous-safe,5,5,2,5,#REF!,#REF!,#REF!,46+,Woman,3,1,4,4
14,ignored-seen,2,5,4,5,#REF!,#REF!,#REF!,46+,Woman,3,1,4,4
88,invasive-respectful,2,4,5,5,#REF!,#REF!,#REF!,26-35,Non-binary,5,3,2,4
88,unfriendly-friendly,3,4,5,4,#REF!,#REF!,#REF!,26-35,Non-binary,5,3,2,4
88,dangerous-safe,4,5,5,5,#REF!,#REF!,#REF!,26-35,Non-binary,5,3,2,4
88,ignored-seen,4,5,5,4,#REF!,#REF!,#REF!,26-35,Non-binary,5,3,2,4
73,invasive-respectful,4,5,5,5,#REF!,#REF!,#REF!,18-25,Prefer not to say,4,3,4,4
73,unfriendly-friendly,4,5,5,5,#REF!,#REF!,#REF!,18-25,Prefer not to say,4,3,4,4
73,dangerous-safe,4,5,5,5,#REF!,#REF!,#REF!,18-25,Prefer not to say,4,3,4,4
73,ignored-seen,4,5,5,5,#REF!,#REF!,#REF!,18-25,Prefer not to say,4,3,4,4
68,invasive-respectful,3,5,4,5,#REF!,#REF!,#REF!,18-25,Woman,4,2,4,4
68,unfriendly-friendly,2,4,4,5,#REF!,#REF!,#REF!,18-25,Woman,4,2,4,4
68,dangerous-safe,5,5,4,5,#REF!,#REF!,#REF!,18-25,Woman,4,2,4,4
68,ignored-seen,2,5,5,5,#REF!,#REF!,#REF!,18-25,Woman,4,2,4,4
31,invasive-respectful,3,4,4,3,#REF!,#REF!,#REF!,18-25,Man,4,3,5,5
31,unfriendly-friendly,4,4,3,3,#REF!,#REF!,#REF!,18-25,Man,4,3,5,5
31,dangerous-safe,5,5,5,2,#REF!,#REF!,#REF!,18-25,Man,4,3,5,5
31,ignored-seen,2,4,4,5,#REF!,#REF!,#REF!,18-25,Man,4,3,5,5
98,invasive-respectful,5,4,3,3,#REF!,#REF!,#REF!,36-45,Man,4,2,4,4
98,unfriendly-friendly,3,4,4,4,#REF!,#REF!,#REF!,36-45,Man,4,2,4,4
98,dangerous-safe,4,4,4,4,#REF!,#REF!,#REF!,36-45,Man,4,2,4,4
98,ignored-seen,2,5,5,5,#REF!,#REF!,#REF!,36-45,Man,4,2,4,4
155,invasive-respectful,3,4,5,4,#REF!,#REF!,#REF!,18-25,Man,3,2,3,4
155,unfriendly-friendly,3,4,5,4,#REF!,#REF!,#REF!,18-25,Man,3,2,3,4
155,dangerous-safe,4,5,5,4,#REF!,#REF!,#REF!,18-25,Man,3,2,3,4
155,ignored-seen,3,5,5,5,#REF!,#REF!,#REF!,18-25,Man,3,2,3,4
111,invasive-respectful,3,4,4,5,#REF!,#REF!,#REF!,46+,Woman,4,3,4,5
111,unfriendly-friendly,3,4,2,5,#REF!,#REF!,#REF!,46+,Woman,4,3,4,5
111,dangerous-safe,3,5,5,5,#REF!,#REF!,#REF!,46+,Woman,4,3,4,5
111,ignored-seen,3,5,5,5,#REF!,#REF!,#REF!,46+,Woman,4,3,4,5
102,invasive-respectful,2,3,3,4,#REF!,#REF!,#REF!,18-25,Woman,2,1,2,2
102,unfriendly-friendly,3,4,4,4,#REF!,#REF!,#REF!,18-25,Woman,2,1,2,2
102,dangerous-safe,3,3,3,3,#REF!,#REF!,#REF!,18-25,Woman,2,1,2,2
102,ignored-seen,2,4,2,5,#REF!,#REF!,#REF!,18-25,Woman,2,1,2,2
163,invasive-respectful,2,3,4,2,#REF!,#REF!,#REF!,18-25,Woman,3,2,3,5
163,unfriendly-friendly,3,4,4,2,#REF!,#REF!,#REF!,18-25,Woman,3,2,3,5
163,dangerous-safe,4,4,5,2,#REF!,#REF!,#REF!,18-25,Woman,3,2,3,5
163,ignored-seen,3,4,5,5,#REF!,#REF!,#REF!,18-25,Woman,3,2,3,5
52,invasive-respectful,4,5,5,2,#REF!,#REF!,#REF!,18-25,Man,2,1,2,4
52,unfriendly-friendly,3,4,4,3,#REF!,#REF!,#REF!,18-25,Man,2,1,2,4
52,dangerous-safe,4,5,5,2,#REF!,#REF!,#REF!,18-25,Man,2,1,2,4
52,ignored-seen,4,4,5,4,#REF!,#REF!,#REF!,18-25,Man,2,1,2,4
92,invasive-respectful,2,5,5,4,#REF!,#REF!,#REF!,18-25,Man,3,1,5,4
92,unfriendly-friendly,2,4,5,4,#REF!,#REF!,#REF!,18-25,Man,3,1,5,4
92,dangerous-safe,2,5,4,4,#REF!,#REF!,#REF!,18-25,Man,3,1,5,4
92,ignored-seen,5,5,5,5,#REF!,#REF!,#REF!,18-25,Man,3,1,5,4
6,invasive-respectful,2,4,4,4,#REF!,#REF!,#REF!,36-45,Man,3,2,2,2
6,unfriendly-friendly,5,3,4,4,#REF!,#REF!,#REF!,36-45,Man,3,2,2,2
6,dangerous-safe,3,3,5,4,#REF!,#REF!,#REF!,36-45,Man,3,2,2,2
6,ignored-seen,2,4,5,5,#REF!,#REF!,#REF!,36-45,Man,3,2,2,2
51,invasive-respectful,3,4,5,2,#REF!,#REF!,#REF!,18-25,Man,3,1,2,3
51,unfriendly-friendly,3,4,4,4,#REF!,#REF!,#REF!,18-25,Man,3,1,2,3
51,dangerous-safe,3,3,4,3,#REF!,#REF!,#REF!,18-25,Man,3,1,2,3
51,ignored-seen,1,4,5,4,#REF!,#REF!,#REF!,18-25,Man,3,1,2,3
34,invasive-respectful,5,5,5,5,#REF!,#REF!,#REF!,18-25,Man,2,1,4,4
34,unfriendly-friendly,5,5,5,5,#REF!,#REF!,#REF!,18-25,Man,2,1,4,4
34,dangerous-safe,5,5,5,5,#REF!,#REF!,#REF!,18-25,Man,2,1,4,4
34,ignored-seen,4,5,5,5,#REF!,#REF!,#REF!,18-25,Man,2,1,4,4
127,invasive-respectful,3,3,5,2,#REF!,#REF!,#REF!,18-25,Woman,3,2,3,4
127,unfriendly-friendly,4,3,5,2,#REF!,#REF!,#REF!,18-25,Woman,3,2,3,4
127,dangerous-safe,4,2,5,3,#REF!,#REF!,#REF!,18-25,Woman,3,2,3,4
127,ignored-seen,3,2,5,5,#REF!,#REF!,#REF!,18-25,Woman,3,2,3,4
74,invasive-respectful,3,5,3,5,#REF!,#REF!,#REF!,26-35,Woman,4,2,4,3
74,unfriendly-friendly,3,4,2,5,#REF!,#REF!,#REF!,26-35,Woman,4,2,4,3
74,dangerous-safe,3,5,3,5,#REF!,#REF!,#REF!,26-35,Woman,4,2,4,3
74,ignored-seen,2,4,2,5,#REF!,#REF!,#REF!,26-35,Woman,4,2,4,3
9,invasive-respectful,3,4,5,5,#REF!,#REF!,#REF!,46+,Woman,3,1,4,5
9,unfriendly-friendly,4,4,5,4,#REF!,#REF!,#REF!,46+,Woman,3,1,4,5
9,dangerous-safe,5,5,5,5,#REF!,#REF!,#REF!,46+,Woman,3,1,4,5
9,ignored-seen,3,5,5,5,#REF!,#REF!,#REF!,46+,Woman,3,1,4,5
99,invasive-respectful,4,4,3,5,#REF!,#REF!,#REF!,26-35,Man,3,2,3,1
99,unfriendly-friendly,3,4,2,4,#REF!,#REF!,#REF!,26-35,Man,3,2,3,1
99,dangerous-safe,3,3,3,3,#REF!,#REF!,#REF!,26-35,Man,3,2,3,1
99,ignored-seen,3,2,2,5,#REF!,#REF!,#REF!,26-35,Man,3,2,3,1
54,invasive-respectful,5,4,5,5,#REF!,#REF!,#REF!,26-35,Woman,3,2,4,5
54,unfriendly-friendly,5,3,5,5,#REF!,#REF!,#REF!,26-35,Woman,3,2,4,5
54,dangerous-safe,5,5,5,5,#REF!,#REF!,#REF!,26-35,Woman,3,2,4,5
54,ignored-seen,3,5,5,5,#REF!,#REF!,#REF!,26-35,Woman,3,2,4,5