inf, index: 0
inf, index: 1
inf, index: 2
inf, index: 3
inf, index: 4
inf, index: 5
inf, index: 6
inf, index: 7
inf, index: 8
inf, index: 9
inf, index: 10
inf, index: 11
inf, index: 12
inf, index: 13
inf, index: 14
inf, index: 15
inf, index: 16
inf, index: 17
inf, index: 18
inf, index: 19
inf, index: 20
inf, index: 21
inf, index: 22
inf, index: 23
inf, index: 24
inf, index: 25
inf, index: 26
inf, index: 27
inf, index: 28
inf, index: 29
inf, index: 30
inf, index: 31
inf, index: 32
inf, index: 33
inf, index: 34
inf, index: 35
inf, index: 36
inf, index: 37
inf, index: 38
inf, index: 39
inf, index: 40
inf, index: 41
inf, index: 42
inf, index: 43
inf, index: 44
inf, index: 45
inf, index: 46
inf, index: 47
inf, index: 48
inf, index: 49
inf, index: 50
inf, index: 51
inf, index: 52
inf, index: 53
inf, index: 54
inf, index: 55
inf, index: 56
inf, index: 57
inf, index: 58
inf, index: 59
0.12300000339746475, index: 60
0.12300000339746475, index: 61
0.12300000339746475, index: 62
0.12200000137090683, index: 63
inf, index: 64
inf, index: 65
inf, index: 66
inf, index: 67
3.503999948501587, index: 68
3.503999948501587, index: 69
3.559999942779541, index: 70
3.5759999752044678, index: 71
3.568000078201294, index: 72
3.563999891281128, index: 73
3.563999891281128, index: 74
3.572000026702881, index: 75
3.568000078201294, index: 76
inf, index: 77
inf, index: 78
inf, index: 79
inf, index: 80
inf, index: 81
inf, index: 82
inf, index: 83
inf, index: 84
inf, index: 85
3.5880000591278076, index: 86
3.5880000591278076, index: 87
3.552000045776367, index: 88
3.552000045776367, index: 89
3.5320000648498535, index: 90
3.5239999294281006, index: 91
3.5160000324249268, index: 92
3.5799999237060547, index: 93
3.5840001106262207, index: 94
3.5920000076293945, index: 95
3.5959999561309814, index: 96
3.0920000076293945, index: 97
3.0920000076293945, index: 98
3.063999891281128, index: 99
3.007999897003174, index: 100
2.98799991607666, index: 101
2.9679999351501465, index: 102
2.9200000762939453, index: 103
2.8959999084472656, index: 104
2.868000030517578, index: 105
2.8399999141693115, index: 106
2.8440001010894775, index: 107
2.8480000495910645, index: 108
2.868000030517578, index: 109
3.0199999809265137, index: 110
3.0199999809265137, index: 111
2.940000057220459, index: 112
2.936000108718872, index: 113
2.9839999675750732, index: 114
3.0239999294281006, index: 115
3.0280001163482666, index: 116
3.0280001163482666, index: 117
3.0360000133514404, index: 118
3.0399999618530273, index: 119
3.055999994277954, index: 120
3.072000026702881, index: 121
inf, index: 122
inf, index: 123
3.1040000915527344, index: 124
3.1040000915527344, index: 125
3.119999885559082, index: 126
3.124000072479248, index: 127
3.124000072479248, index: 128
0.6919999718666077, index: 129
0.6919999718666077, index: 130
0.6859999895095825, index: 131
0.6859999895095825, index: 132
0.6819999814033508, index: 133
0.6819999814033508, index: 134
0.6819999814033508, index: 135
0.6819999814033508, index: 136
0.6859999895095825, index: 137
0.6880000233650208, index: 138
0.4729999899864197, index: 139
0.4729999899864197, index: 140
0.4699999988079071, index: 141
0.46799999475479126, index: 142
0.46799999475479126, index: 143
0.4659999907016754, index: 144
0.4650000035762787, index: 145
0.46399998664855957, index: 146
0.4620000123977661, index: 147
0.4620000123977661, index: 148
0.4620000123977661, index: 149
0.46000000834465027, index: 150
0.46000000834465027, index: 151
0.4580000042915344, index: 152
0.4580000042915344, index: 153
0.4569999873638153, index: 154
0.4560000002384186, index: 155
0.4560000002384186, index: 156
0.45500001311302185, index: 157
0.45399999618530273, index: 158
0.45399999618530273, index: 159
0.4519999921321869, index: 160
0.4519999921321869, index: 161
0.45100000500679016, index: 162
0.4519999921321869, index: 163
0.4519999921321869, index: 164
0.45100000500679016, index: 165
0.44999998807907104, index: 166
0.44999998807907104, index: 167
0.44999998807907104, index: 168
0.44999998807907104, index: 169
0.44999998807907104, index: 170
0.44999998807907104, index: 171
0.44999998807907104, index: 172
0.4490000009536743, index: 173
0.4490000009536743, index: 174
0.44999998807907104, index: 175
0.44999998807907104, index: 176
0.44999998807907104, index: 177
0.44999998807907104, index: 178
0.44999998807907104, index: 179
0.44999998807907104, index: 180
0.44999998807907104, index: 181
0.45100000500679016, index: 182
0.45100000500679016, index: 183
0.45100000500679016, index: 184
0.4519999921321869, index: 185
0.4519999921321869, index: 186
0.4519999921321869, index: 187
0.45399999618530273, index: 188
0.45399999618530273, index: 189
0.45399999618530273, index: 190
0.45500001311302185, index: 191
0.45500001311302185, index: 192
0.45500001311302185, index: 193
0.4560000002384186, index: 194
0.4569999873638153, index: 195
0.4580000042915344, index: 196
0.45899999141693115, index: 197
0.45899999141693115, index: 198
0.46000000834465027, index: 199
0.46299999952316284, index: 200
0.46299999952316284, index: 201
0.46299999952316284, index: 202
0.4650000035762787, index: 203
0.4659999907016754, index: 204
0.4659999907016754, index: 205
0.46700000762939453, index: 206
0.46799999475479126, index: 207
0.4699999988079071, index: 208
0.47200000286102295, index: 209
0.4729999899864197, index: 210
0.4740000069141388, index: 211
0.47600001096725464, index: 212
inf, index: 213
inf, index: 214
1.2940000295639038, index: 215
1.2940000295639038, index: 216
inf, index: 217
1.3040000200271606, index: 218
1.3040000200271606, index: 219
1.3279999494552612, index: 220
1.3380000591278076, index: 221
1.350000023841858, index: 222
1.3739999532699585, index: 223
1.3860000371932983, index: 224
1.399999976158142, index: 225
1.4119999408721924, index: 226
1.4160000085830688, index: 227
1.4079999923706055, index: 228
1.3980000019073486, index: 229
1.3960000276565552, index: 230
1.3940000534057617, index: 231
1.3880000114440918, index: 232
1.3860000371932983, index: 233
1.3839999437332153, index: 234
1.3819999694824219, index: 235
1.3799999952316284, index: 236
1.3799999952316284, index: 237
1.378000020980835, index: 238
1.3760000467300415, index: 239
1.3739999532699585, index: 240
1.3700000047683716, index: 241
1.3680000305175781, index: 242
1.3660000562667847, index: 243
1.3639999628067017, index: 244
1.3619999885559082, index: 245
1.3580000400543213, index: 246
1.3580000400543213, index: 247
1.3580000400543213, index: 248
1.3619999885559082, index: 249
1.5499999523162842, index: 250
1.5579999685287476, index: 251
1.5579999685287476, index: 252
1.5579999685287476, index: 253
1.5579999685287476, index: 254
1.555999994277954, index: 255
1.555999994277954, index: 256
1.555999994277954, index: 257
1.555999994277954, index: 258
1.555999994277954, index: 259
1.5540000200271606, index: 260
1.555999994277954, index: 261
1.555999994277954, index: 262
1.555999994277954, index: 263
1.555999994277954, index: 264
1.5579999685287476, index: 265
1.5579999685287476, index: 266
1.5579999685287476, index: 267
1.5579999685287476, index: 268
1.559999942779541, index: 269
1.5579999685287476, index: 270
1.559999942779541, index: 271
1.559999942779541, index: 272
1.5640000104904175, index: 273
1.565999984741211, index: 274
1.5700000524520874, index: 275
1.5700000524520874, index: 276
1.5700000524520874, index: 277
1.5759999752044678, index: 278
1.5779999494552612, index: 279
1.5880000591278076, index: 280
1.6239999532699585, index: 281
1.6399999856948853, index: 282
inf, index: 283
inf, index: 284
inf, index: 285
inf, index: 286
inf, index: 287
inf, index: 288
inf, index: 289
inf, index: 290
inf, index: 291
inf, index: 292
inf, index: 293
inf, index: 294
0.12300000339746475, index: 295
0.12300000339746475, index: 296
0.12300000339746475, index: 297
0.12200000137090683, index: 298
0.12200000137090683, index: 299
inf, index: 300
inf, index: 301
inf, index: 302
inf, index: 303
inf, index: 304
inf, index: 305
inf, index: 306
inf, index: 307
inf, index: 308
inf, index: 309
inf, index: 310
inf, index: 311
inf, index: 312
inf, index: 313
inf, index: 314
inf, index: 315
inf, index: 316
inf, index: 317
inf, index: 318
inf, index: 319
inf, index: 320
inf, index: 321
inf, index: 322
inf, index: 323
inf, index: 324
inf, index: 325
inf, index: 326
inf, index: 327
inf, index: 328
inf, index: 329
inf, index: 330
inf, index: 331
inf, index: 332
inf, index: 333
inf, index: 334
inf, index: 335
inf, index: 336
inf, index: 337
inf, index: 338
inf, index: 339
inf, index: 340
inf, index: 341
inf, index: 342
inf, index: 343
inf, index: 344
inf, index: 345
inf, index: 346
inf, index: 347
inf, index: 348
inf, index: 349
inf, index: 350
inf, index: 351
inf, index: 352
inf, index: 353
inf, index: 354
inf, index: 355
inf, index: 356
inf, index: 357
inf, index: 358
inf, index: 359
inf, index: 360
inf, index: 361
inf, index: 362
inf, index: 363
inf, index: 364
inf, index: 365
inf, index: 366
inf, index: 367
inf, index: 368
inf, index: 369
inf, index: 370
inf, index: 371
inf, index: 372
inf, index: 373
inf, index: 374
inf, index: 375
inf, index: 376
inf, index: 377
inf, index: 378
inf, index: 379
inf, index: 380
inf, index: 381
inf, index: 382
0.13199999928474426, index: 383
0.13199999928474426, index: 384
0.13199999928474426, index: 385
0.13199999928474426, index: 386
0.13099999725818634, index: 387
0.12999999523162842, index: 388
0.12999999523162842, index: 389
0.13199999928474426, index: 390
inf, index: 391
inf, index: 392
inf, index: 393
inf, index: 394
inf, index: 395
inf, index: 396
inf, index: 397
inf, index: 398
inf, index: 399
inf, index: 400
0.12200000137090683, index: 401
0.12200000137090683, index: 402
0.12200000137090683, index: 403
inf, index: 404
inf, index: 405
inf, index: 406
inf, index: 407
inf, index: 408
inf, index: 409
inf, index: 410
inf, index: 411
0.12200000137090683, index: 412
0.12200000137090683, index: 413
0.12099999934434891, index: 414
0.12099999934434891, index: 415
0.12099999934434891, index: 416
0.11999999731779099, index: 417
0.11999999731779099, index: 418
0.11999999731779099, index: 419
0.11900000274181366, index: 420
0.11900000274181366, index: 421
0.11900000274181366, index: 422
0.11900000274181366, index: 423
0.11800000071525574, index: 424
0.11800000071525574, index: 425
0.11800000071525574, index: 426
0.11800000071525574, index: 427
0.11699999868869781, index: 428
0.11699999868869781, index: 429
0.11699999868869781, index: 430
0.11699999868869781, index: 431
0.11699999868869781, index: 432
0.11599999666213989, index: 433
0.11599999666213989, index: 434
0.11599999666213989, index: 435
0.11599999666213989, index: 436
0.11500000208616257, index: 437
0.11500000208616257, index: 438
0.11500000208616257, index: 439
0.11500000208616257, index: 440
0.11500000208616257, index: 441
0.11400000005960464, index: 442
0.11400000005960464, index: 443
0.11400000005960464, index: 444
0.11400000005960464, index: 445
0.11299999803304672, index: 446
0.11299999803304672, index: 447
0.11299999803304672, index: 448
0.11299999803304672, index: 449
0.11299999803304672, index: 450
0.1120000034570694, index: 451
0.1120000034570694, index: 452
0.1120000034570694, index: 453
0.1120000034570694, index: 454
0.1120000034570694, index: 455
0.11100000143051147, index: 456
0.11100000143051147, index: 457
0.11100000143051147, index: 458
0.11100000143051147, index: 459
0.11100000143051147, index: 460
0.10999999940395355, index: 461
0.10999999940395355, index: 462
0.10999999940395355, index: 463
0.10999999940395355, index: 464
0.10999999940395355, index: 465
0.10999999940395355, index: 466
0.10999999940395355, index: 467
0.10899999737739563, index: 468
0.10899999737739563, index: 469
0.10899999737739563, index: 470
0.10899999737739563, index: 471
0.10899999737739563, index: 472
0.10899999737739563, index: 473
0.10899999737739563, index: 474
0.10899999737739563, index: 475
0.10899999737739563, index: 476
0.1080000028014183, index: 477
0.1080000028014183, index: 478
0.1080000028014183, index: 479
0.1080000028014183, index: 480
0.1080000028014183, index: 481
0.1080000028014183, index: 482
0.1080000028014183, index: 483
0.1080000028014183, index: 484
0.1080000028014183, index: 485
0.1080000028014183, index: 486
0.1080000028014183, index: 487
0.1080000028014183, index: 488
0.1080000028014183, index: 489
0.1080000028014183, index: 490
0.10700000077486038, index: 491
0.10700000077486038, index: 492
0.10700000077486038, index: 493
0.10700000077486038, index: 494
0.10700000077486038, index: 495
0.10700000077486038, index: 496
0.10700000077486038, index: 497
0.10700000077486038, index: 498
0.10700000077486038, index: 499
0.10700000077486038, index: 500
0.10700000077486038, index: 501
0.10700000077486038, index: 502
0.10700000077486038, index: 503
0.10700000077486038, index: 504
0.10700000077486038, index: 505
0.10700000077486038, index: 506
0.10700000077486038, index: 507
0.10700000077486038, index: 508
0.10700000077486038, index: 509
0.10700000077486038, index: 510
0.10700000077486038, index: 511
0.10700000077486038, index: 512
0.10700000077486038, index: 513
0.10700000077486038, index: 514
0.10700000077486038, index: 515
0.10700000077486038, index: 516
0.10700000077486038, index: 517
0.10700000077486038, index: 518
0.10700000077486038, index: 519
0.10700000077486038, index: 520
0.10700000077486038, index: 521
0.1080000028014183, index: 522
inf, index: 523
inf, index: 524
inf, index: 525
inf, index: 526
inf, index: 527
inf, index: 528
inf, index: 529
inf, index: 530
inf, index: 531
inf, index: 532
inf, index: 533
inf, index: 534
inf, index: 535
inf, index: 536
inf, index: 537
inf, index: 538
inf, index: 539
inf, index: 540
inf, index: 541
inf, index: 542
inf, index: 543
inf, index: 544
inf, index: 545
inf, index: 546
inf, index: 547
inf, index: 548
inf, index: 549
inf, index: 550
inf, index: 551
inf, index: 552
inf, index: 553
inf, index: 554
inf, index: 555
inf, index: 556
inf, index: 557
inf, index: 558
inf, index: 559
0.1080000028014183, index: 560
0.1080000028014183, index: 561
0.10700000077486038, index: 562
0.10700000077486038, index: 563
0.10700000077486038, index: 564
0.10700000077486038, index: 565
0.10700000077486038, index: 566
0.1080000028014183, index: 567
inf, index: 568
inf, index: 569
inf, index: 570
inf, index: 571
inf, index: 572
0.10700000077486038, index: 573
0.10700000077486038, index: 574
0.1080000028014183, index: 575
0.1080000028014183, index: 576
0.1080000028014183, index: 577
0.1080000028014183, index: 578
0.1080000028014183, index: 579
0.1080000028014183, index: 580
0.1080000028014183, index: 581
0.1080000028014183, index: 582
0.1080000028014183, index: 583
0.1080000028014183, index: 584
0.1080000028014183, index: 585
inf, index: 586
inf, index: 587
inf, index: 588
inf, index: 589
inf, index: 590
0.10899999737739563, index: 591
0.10899999737739563, index: 592
0.10899999737739563, index: 593
0.10899999737739563, index: 594
0.10899999737739563, index: 595
0.10899999737739563, index: 596
0.10899999737739563, index: 597
0.10899999737739563, index: 598
0.10899999737739563, index: 599
0.10899999737739563, index: 600
0.10899999737739563, index: 601
0.10899999737739563, index: 602
0.10899999737739563, index: 603
0.10899999737739563, index: 604
0.10999999940395355, index: 605
0.10999999940395355, index: 606
0.10999999940395355, index: 607
0.10999999940395355, index: 608
0.10999999940395355, index: 609
0.10999999940395355, index: 610
0.10999999940395355, index: 611
0.10999999940395355, index: 612
0.10999999940395355, index: 613
0.11100000143051147, index: 614
0.11100000143051147, index: 615
0.11100000143051147, index: 616
0.11100000143051147, index: 617
0.11100000143051147, index: 618
0.11100000143051147, index: 619
0.1120000034570694, index: 620
0.1120000034570694, index: 621
0.1120000034570694, index: 622
0.1120000034570694, index: 623
0.1120000034570694, index: 624
0.1120000034570694, index: 625
0.1120000034570694, index: 626
0.1120000034570694, index: 627
0.11299999803304672, index: 628
0.11299999803304672, index: 629
0.11299999803304672, index: 630
0.11299999803304672, index: 631
0.11299999803304672, index: 632
0.11299999803304672, index: 633
0.11400000005960464, index: 634
0.11400000005960464, index: 635
0.11400000005960464, index: 636
0.11400000005960464, index: 637
0.11400000005960464, index: 638
0.11500000208616257, index: 639
0.11500000208616257, index: 640
0.11500000208616257, index: 641
0.11500000208616257, index: 642
0.11500000208616257, index: 643
0.11599999666213989, index: 644
0.11599999666213989, index: 645
0.11599999666213989, index: 646
0.11599999666213989, index: 647
0.11599999666213989, index: 648
0.11699999868869781, index: 649
0.11699999868869781, index: 650
0.11699999868869781, index: 651
0.11699999868869781, index: 652
0.11800000071525574, index: 653
0.11800000071525574, index: 654
0.11800000071525574, index: 655
0.11800000071525574, index: 656
0.11900000274181366, index: 657
0.11900000274181366, index: 658
0.11900000274181366, index: 659
0.11900000274181366, index: 660
0.11999999731779099, index: 661
0.11999999731779099, index: 662
0.11999999731779099, index: 663
0.12099999934434891, index: 664
0.12099999934434891, index: 665
0.12099999934434891, index: 666
0.12200000137090683, index: 667
0.12300000339746475, index: 668
inf, index: 669
inf, index: 670
inf, index: 671
inf, index: 672
inf, index: 673
inf, index: 674
inf, index: 675
0.12399999797344208, index: 676
0.12399999797344208, index: 677
0.12399999797344208, index: 678
0.12399999797344208, index: 679
inf, index: 680
inf, index: 681
inf, index: 682
inf, index: 683
inf, index: 684
inf, index: 685
inf, index: 686
inf, index: 687
inf, index: 688
inf, index: 689
inf, index: 690
inf, index: 691
inf, index: 692
inf, index: 693
inf, index: 694
inf, index: 695
inf, index: 696
inf, index: 697
inf, index: 698
inf, index: 699
inf, index: 700
inf, index: 701
inf, index: 702
inf, index: 703
inf, index: 704
inf, index: 705
inf, index: 706
inf, index: 707
inf, index: 708
inf, index: 709
inf, index: 710
inf, index: 711
inf, index: 712
inf, index: 713
inf, index: 714
inf, index: 715
inf, index: 716
inf, index: 717
inf, index: 718
inf, index: 719
